swe_bench_test_id,repo,commit,C,C++,Java,Kotlin,Python,Go,Rust,JavaScript,HTML
astropy__astropy-12907,astropy/astropy,d16bfe05a744909de4b27f5875fe0d4ed41ce607,213700,0,0,0,249902,0,0,13607,79
astropy__astropy-13033,astropy/astropy,298ccb478e6bf092953bca67a3d29dc6c35f6752,213792,0,0,0,249594,0,0,13607,79
astropy__astropy-13236,astropy/astropy,6ed769d58d89380ebaa1ef52b300691eefda8928,213795,0,0,0,252304,0,0,13607,79
astropy__astropy-13398,astropy/astropy,6500928dc0e57be8f06d1162eacc3ba5e2eff692,213795,0,0,0,252985,0,0,13892,79
astropy__astropy-13453,astropy/astropy,19cc80471739bcb67b7e8099246b391c355023ee,213795,0,0,0,252823,0,0,13892,79
astropy__astropy-13579,astropy/astropy,0df94ff7097961e92fd7812036a24b145bc13ca8,213795,0,0,0,253357,0,0,13892,79
astropy__astropy-13977,astropy/astropy,5250b2442501e6c671c6b380536f1edb352602d1,217221,0,0,0,280215,0,0,13892,79
astropy__astropy-14096,astropy/astropy,1a4462d72eb03f30dc83a879b1dd57aac8b2c18b,217221,0,0,0,280028,0,0,13892,79
astropy__astropy-14182,astropy/astropy,a5917978be39d13cd90b517e1de4e7a539ffaa48,217221,0,0,0,280367,0,0,13892,79
astropy__astropy-14309,astropy/astropy,cdb66059a2feb44ee49021874605ba90801f9986,119650,0,0,0,281356,0,0,13892,79
astropy__astropy-14365,astropy/astropy,7269fa3e33e8d02485a647da91a5a2a60a06af61,119650,0,0,0,283329,0,0,13892,79
astropy__astropy-14369,astropy/astropy,fa4e8d1cd279acf9b24560813c8652494ccd5922,119650,0,0,0,281689,0,0,13892,79
astropy__astropy-14508,astropy/astropy,a3f4ae6cd24d5ecdf49f213d77b3513dd509a06c,119650,0,0,0,282879,0,0,13892,79
astropy__astropy-14539,astropy/astropy,c0a24c1dc957a3b565294213f435fefb2ec99714,119650,0,0,0,282932,0,0,13892,79
astropy__astropy-14598,astropy/astropy,80c3854a5f4f4a6ab86c03d9db7854767fcd83c1,119650,0,0,0,283583,0,0,13892,79
astropy__astropy-14995,astropy/astropy,b16c7d12ccbc7b2d20364b89fb44285bcbfede54,119650,0,0,0,281815,0,0,13892,79
astropy__astropy-7166,astropy/astropy,26d147868f8a891a6009a25cd6a8576d2e1bd747,208721,364,0,0,172802,0,0,13607,2179
astropy__astropy-7336,astropy/astropy,732d89c2940156bdc0e200bb36dc38b5e424bcba,209393,364,0,0,174193,0,0,13607,2179
astropy__astropy-7606,astropy/astropy,3cedd79e6c121910220f8e6df77c54a0b344ea94,210011,364,0,0,178677,0,0,13607,2179
astropy__astropy-7671,astropy/astropy,a7141cd90019b62688d507ae056298507678c058,209989,364,0,0,177268,0,0,13607,2179
astropy__astropy-8707,astropy/astropy,a85a0747c54bac75e9c3b2fe436b105ea029d6cf,217590,0,0,0,188694,0,0,13607,79
astropy__astropy-8872,astropy/astropy,b750a0e6ee76fb6b8a099a4d16ec51977be46bf6,217590,0,0,0,189788,0,0,13607,79
django__django-10097,django/django,b9cf764be62e77b4777b3a75ec256f6209a57671,0,0,0,0,253492,0,0,18888,4631
django__django-10554,django/django,14d026cccb144c6877294ba4cd4e03ebf0842498,0,0,0,0,265226,0,0,18752,4601
django__django-10880,django/django,838e432e3e5519c5383d12018e6c78f8ec7833c1,0,0,0,0,262357,0,0,18920,4597
django__django-10914,django/django,e7fd69d051eaa67cb17f172a39b57253e9cb831a,0,0,0,0,261566,0,0,18920,4602
django__django-10973,django/django,ddb293685235fd09e932805771ae97f72e817181,0,0,0,0,261635,0,0,18920,4602
django__django-10999,django/django,36300ef336e3f130a0dadc1143163ff3d23dc843,0,0,0,0,261834,0,0,18920,4602
django__django-11066,django/django,4b45b6c8e4d7c9701a332e80d3b1c84209dc36e2,0,0,0,0,264916,0,0,18752,4601
django__django-11087,django/django,8180ffba21bf10f4be905cb0d4890dc2bcff2788,0,0,0,0,263638,0,0,18748,4601
django__django-11095,django/django,7d49ad76562e8c0597a0eb66046ab423b12888d8,0,0,0,0,263608,0,0,18748,4601
django__django-11099,django/django,d26b2424437dabeeca94d7900b37d2df4410da0c,0,0,0,0,263103,0,0,18914,4602
django__django-11119,django/django,d4df5e1b0b1c643fe0fc521add0236764ec8e92a,0,0,0,0,263192,0,0,18914,4602
django__django-11133,django/django,879cc3da6249e920b8d54518a0ae06de835d7373,0,0,0,0,263302,0,0,18748,4600
django__django-11138,django/django,c84b91b7603e488f7171fdff8f08368ef3d6b856,0,0,0,0,263545,0,0,18748,4601
django__django-11141,django/django,5d9cf79baf07fc4aed7ad1b06990532a65378155,0,0,0,0,269745,0,0,18989,4600
django__django-11149,django/django,e245046bb6e8b32360aa48b8a41fb7050f0fc730,0,0,0,0,263380,0,0,18748,4600
django__django-11163,django/django,e6588aa4e793b7f56f4cadbfa155b581e0efc59a,0,0,0,0,263450,0,0,18748,4600
django__django-11179,django/django,19fc6376ce67d01ca37a91ef2f55ef769f50513a,0,0,0,0,263579,0,0,18748,4601
django__django-11206,django/django,571ab44e8a8936014c22e7eebe4948d9611fd7ce,0,0,0,0,263619,0,0,18748,4601
django__django-11211,django/django,ba726067604ce5a8ca3919edf653496722b433ab,0,0,0,0,263619,0,0,18748,4601
django__django-11239,django/django,d87bd29c4f8dfcdf3f4a4eb8340e6770a2416fe3,0,0,0,0,263712,0,0,18748,4601
django__django-11265,django/django,21aa2a5e785eef1f47beb1c3760fdd7d8915ae09,0,0,0,0,264322,0,0,18748,4601
django__django-11276,django/django,28d5262fa3315690395f04e3619ed554dbaf725b,0,0,0,0,263868,0,0,18748,4601
django__django-11292,django/django,eb16c7260e573ec513d84cb586d96bdf508f3173,0,0,0,0,263940,0,0,18748,4601
django__django-11299,django/django,6866c91b638de5368c18713fa851bfe56253ea55,0,0,0,0,263955,0,0,18748,4601
django__django-11333,django/django,55b68de643b5c2d5f0a8ea7587ab3b2966021ccc,0,0,0,0,266134,0,0,18752,4601
django__django-11400,django/django,1f8382d34d54061eddc41df6994e20ee38c60907,0,0,0,0,267685,0,0,18878,4600
django__django-11433,django/django,21b1d239125f1228e579b1ce8d94d4d5feadd2a6,0,0,0,0,264803,0,0,18752,4601
django__django-11451,django/django,e065b293878b1e3ea56655aa9d33e87576cd77ff,0,0,0,0,265078,0,0,18752,4601
django__django-11477,django/django,e28671187903e6aca2428374fdd504fca3032aee,0,0,0,0,265826,0,0,18752,4601
django__django-11490,django/django,a7038adbd02c916315b16939b835f021c2ee8880,0,0,0,0,265223,0,0,18752,4601
django__django-11532,django/django,a5308514fb4bc5086c9a16a8a24a945eeebb073c,0,0,0,0,266134,0,0,18752,4601
django__django-11551,django/django,7991111af12056ec9a856f35935d273526338c1f,0,0,0,0,266411,0,0,18752,4601
django__django-11555,django/django,8dd5877f58f84f2b11126afbd0813e24545919ed,0,0,0,0,266493,0,0,18878,4601
django__django-11603,django/django,f618e033acd37d59b536d6e6126e6c5be18037f6,0,0,0,0,267146,0,0,18878,4600
django__django-11728,django/django,05457817647368be4b019314fcc655445a5b4c0c,0,0,0,0,268686,0,0,18989,4600
django__django-11734,django/django,999891bd80b3d02dd916731a7a239e1036174885,0,0,0,0,268690,0,0,18989,4600
django__django-11740,django/django,003bb34b218adb23d1a7e67932a6ba9b3c4dcc81,0,0,0,0,268745,0,0,18989,4600
django__django-11749,django/django,350123f38c2b6217c38d70bfbd924a9ba3df1289,0,0,0,0,269123,0,0,18989,4600
django__django-11790,django/django,b1d6b35e146aea83b171c1b921178bbaae2795ed,0,0,0,0,269091,0,0,18989,4600
django__django-11815,django/django,e02f67ef2d03d48128e7a118bf75f0418e24e8ac,0,0,0,0,269524,0,0,18989,4600
django__django-11820,django/django,c2678e49759e5c4c329bff0eeca2886267005d21,0,0,0,0,269489,0,0,18989,4600
django__django-11848,django/django,f0adf3b9b7a19cdee05368ff0c0c2d087f011180,0,0,0,0,269544,0,0,18989,4600
django__django-11880,django/django,06909fe084f87a65459a83bd69d7cdbe4fce9a7c,0,0,0,0,269715,0,0,18989,4600
django__django-11885,django/django,04ac9b45a34440fa447feb6ae934687aacbfc5f4,0,0,0,0,269725,0,0,18989,4600
django__django-11951,django/django,312049091288dbba2299de8d07ea3e3311ed7238,0,0,0,0,270222,0,0,18989,4600
django__django-11964,django/django,fc2b1cc926e34041953738e58fa6ad3053059b22,0,0,0,0,270452,0,0,18989,4600
django__django-11999,django/django,84633905273fc916e3d17883810d9969c03f73c2,0,0,0,0,270734,0,0,19130,4638
